{
  "required": true,
  "minVersion": "0.8",
  "package": "adris.altoclef.mixins",
  "compatibilityLevel": "JAVA_8",
  "mixins": [
    "AbstractFurnaceScreenHandlerAccessor",
    "AxeItemAccessor",
    "BlockModifiedByPlayerMixin",
    "ClientBlockBreakAccessor",
    "ClientConnectionAccessor",
    "ClientInteractWithBlockMixin",
    "ClientUIMixin",
    "DeathScreenAccessor",
    "EntityAccessor",
    "GameOverlayMixin",
    "MiningToolItemAccessor",
    "PersistentProjectileEntityAccessor",
    "PortalManagerAccessor",
    "SlotClickMixin",
    "WorldBlockModifiedMixin"
  ],
  "client": [
    "ChatInputMixin",
    "ChatInputSuggestorMixin",
    "ChatReadMixin",
    "ClientBlockBreakMixin",
    "ClientOpenScreenMixin",
    "ClientTickMixin",
    "DrawableHelperInvoker",
    "EntryMixin",
    "LoadChunkMixin",
    "MixinLocalPlayer",
    "PlayerCollidesWithEntityMixin",
    "SimpleOptionMixin"
  ],
  "injectors": {
    "defaultRequire": 1
  }
}